BROKERTITLE,TYPE,PRICE,BEDS,BATH,PROPERTYSQFT,ADDRESS,STATE,MAIN_ADDRESS,ADMINISTRATIVE_AREA_LEVEL_2,LOCALITY,SUBLOCALITY,STREET_NAME,LONG_NAME,FORMATTED_ADDRESS,LATITUDE,LONGITUDE,SUBLOCALITY.1,LOCALITY.1,STREET_NAME.1
Brokered by Island Advantage Realty LLC,Foreclosure,750000,4,3.0,3098.0,3037 Richmond Rd,"Staten Island, NY 10306","3037 Richmond RdStaten Island, NY 10306",United States,New York,Richmond County,Staten Island,Richmond Road,"3037 Richmond Rd, Staten Island, NY 10306, USA",40.5758238,-74.1227343,,,
Brokered by Empire Fine Homes,House for sale,899000,4,2.0,1400.0,35-13 103rd St,"Corona, NY 11368","35-13 103rd StCorona, NY 11368",New York,Queens County,Queens,Flushing,51-13,"51-13 103rd St #35, Flushing, NY 11368, USA",40.7421716,-73.8582741,,,
Brokered by Corcoran Chelsea/Flatiron,Co-op for sale,5900000,3,4.0,3000.0,410 W 24th St # 18BCE,"New York, NY 10011","410 W 24th St # 18BCENew York, NY 10011",New York,New York County,New York,Manhattan,410,"410 W 24th St #18b, New York, NY 10011, USA",40.7472085,-74.0013378,,,
Brokered by Corcoran East Side,Condo for sale,1695000,1,2.0,1072.0,70 Washington St Ph R,"Brooklyn, NY 11201","70 Washington St Ph RBrooklyn, NY 11201",United States,New York,Kings County,Brooklyn,Washington Street,"70 Washington St, Brooklyn, NY 11201, USA",40.7020349,-73.9899069,,,
Brokered by Pantiga Group Inc.,Co-op for sale,265000,1,1.0,750.0,875 Morrison Ave Apt 3M,"Bronx, NY 10473","875 Morrison Ave Apt 3MBronx, NY 10473",Bronx County,The Bronx,East Bronx,Morrison Avenue,Parking lot,"Parking lot, 875 Morrison Ave #3m, Bronx, NY 10473, USA",40.8215857,-73.8740892,Queens,Brooklyn,Flushing
Brokered by Brown Harris Stevens,Condo for sale,3795000,3,2.0,1887.0,30 Main St Ph B,"Brooklyn, NY 11201","30 Main St Ph BBrooklyn, NY 11201",United States,New York,Kings County,Brooklyn,Main Street,"30 Main St, Brooklyn, NY 11201, USA",40.702988,-73.9907803,,,
Brokered by COMPASS,Condo for sale,2400000,2,2.0,1375.0,12 E 88th St Apt 9C,"Manhattan, NY 10128","12 E 88th St Apt 9CManhattan, NY 10128",New York,New York County,New York,Manhattan,12,"12 E 88th St Apartment 9d, New York, NY 10128, USA",40.782249,-73.958665,,,
Brokered by American Homes Group,Multi-family home for sale,778000,4,3.0,2185.0,126 Elizabeth St,"Staten Island, NY 10310","126 Elizabeth StStaten Island, NY 10310",United States,New York,Richmond County,Staten Island,Elizabeth Street,"126 Elizabeth St, Staten Island, NY 10310, USA",40.6308436,-74.1204059,,,
Brokered by BESMATCH REAL ESTATE,Multi-family home for sale,999000,8,3.0,3786.0,1118 Jackson Ave,"Bronx, NY 10456","1118 Jackson AveBronx, NY 10456",United States,New York,Bronx County,The Bronx,Jackson Avenue,"1118 Jackson Ave, Bronx, NY 10456, USA",40.8273908,-73.9031371,,,
Brokered by COMPASS,Co-op for sale,789000,2,1.0,2184.207862,400 E 77th St Apt 4E,"Manhattan, NY 10075","400 E 77th St Apt 4EManhattan, NY 10075",New York,New York County,New York,Manhattan,400,"400 E 77th St #4a, New York, NY 10075, USA",40.7707244,-73.9533267,,,
Brokered by Island Advantage Realty Llc,Multi-family home for sale,1169900,6,4.0,2310.0,102-33 46th Ave,"Corona, NY 11368","102-33 46th AveCorona, NY 11368",United States,New York,Queens County,Queens,46th Avenue,"102-33 46th Ave, Flushing, NY 11368, USA",40.7462943,-73.8609962,,,
Brokered by R A L ENTERPRISES,House for sale,790000,4,2.0,1744.0,966 E 42nd St,"Brooklyn, NY 11210","966 E 42nd StBrooklyn, NY 11210",United States,New York,Kings County,Brooklyn,East 42nd Street,"966 E 42nd St, Brooklyn, NY 11210, USA",40.631398,-73.9361773,,,
Brokered by RE MAX Elite,Co-op for sale,345000,2,1.0,1000.0,2483 W 16th St Apt 14D,"Brooklyn, NY 11214","2483 W 16th St Apt 14DBrooklyn, NY 11214",United States,New York,Kings County,Brooklyn,2483,"2483 W 16th St #14d, Brooklyn, NY 11214, USA",40.5871907,-73.9840965,,,
Brokered by Corcoran Chelsea/Flatiron,House for sale,4195000,6,6.0,2184.207862,9 Clinton St,"New York, NY 10002","9 Clinton StNew York, NY 10002",United States,New York,New York County,New York,Clinton Street,"9 Clinton St, New York, NY 10002, USA",40.7210845,-73.9842397,,,
Brokered by Staten Island Premiere Properties,Contingent,599000,4,4.0,2800.0,77 Harbour Ct,"Staten Island, NY 10308","77 Harbour CtStaten Island, NY 10308",United States,New York,Richmond County,Staten Island,Harbour Court,"77 Harbour Ct, Staten Island, NY 10308, USA",40.5387352,-74.1423893,,,
"Brokered by CLAS - Classic Marketing, LLC",Co-op for sale,1465000,3,3.0,2184.207862,215 E 73rd St Unit 4A,"New York, NY 10021","215 E 73rd St Unit 4ANew York, NY 10021",New York,New York County,New York,Manhattan,215,"215 E 73rd St #4a, New York, NY 10021, USA",40.7701914,-73.9590118,,,
Brokered by RE MAX Real Estate Professionals,House for sale,619000,2,2.0,804.0,15 Eunice Pl,"Staten Island, NY 10303","15 Eunice PlStaten Island, NY 10303",United States,New York,Richmond County,Staten Island,Eunice Place,"15 Eunice Pl, Staten Island, NY 10303, USA",40.6250376,-74.1522209,,,
"Brokered by Robert E. Hill, Inc.",Co-op for sale,430000,2,2.0,1200.0,2727 Palisade Ave Apt 5B,"Bronx, NY 10463","2727 Palisade Ave Apt 5BBronx, NY 10463",New York,Bronx County,The Bronx,Spuyten Duyvil,2727,"2727 Palisade Ave #5b, Bronx, NY 10463, USA",40.8830657,-73.9206428,,,
Brokered by Douglas Elliman - Bayside,Co-op for sale,299000,1,1.0,800.0,92-30 56th Ave Unit 3G,"Elmhurst, NY 11373","92-30 56th Ave Unit 3GElmhurst, NY 11373",New York,Queens County,Queens,Elmhurst,92-30,"92-30 56th Ave #3g, Elmhurst, NY 11373, USA",40.7365158,-73.8687964,,,
Brokered by COMPASS,Condo for sale,2950000,3,2.0,1709.0,360 Furman St Apt 337,"Brooklyn, NY 11201","360 Furman St Apt 337Brooklyn, NY 11201",New York,Kings County,Brooklyn,Brooklyn Heights,360,"360 Furman St APT 337, Brooklyn, NY 11201, USA",40.6935342,-74.0002618,,,
Brokered by Douglas Elliman - Bayside,Co-op for sale,199999,1,1.0,2184.207862,209-10 41st Ave Unit 1F,"Bayside, NY 11361","209-10 41st Ave Unit 1FBayside, NY 11361",New York,Queens County,Queens,Bayside,209-10,"209-10 41st Ave #1f, Bayside, NY 11361, USA",40.762788,-73.7768814,,,
Brokered by Nest Seekers Westchester Llc,Multi-family home for sale,925000,4,2.3738608579684373,2160.0,2423 Woodhull Ave,"Bronx, NY 10469","2423 Woodhull AveBronx, NY 10469",United States,New York,Bronx County,The Bronx,Woodhull Avenue,"2423 Woodhull Ave, Bronx, NY 10469, USA",40.8616602,-73.8421016,,,
Brokered by Prime Homes Realty,House for sale,425000,2,1.0,2184.207862,117-23 142nd St,"Jamaica, NY 11436","117-23 142nd StJamaica, NY 11436",United States,New York,Queens County,Queens,142nd Street,"117-23 142nd St, Jamaica, NY 11436, USA",40.6779035,-73.799284,,,
Brokered by Sotheby's International Realty - Downtown Manhattan,Townhouse for sale,22500000,4,2.3738608579684373,9132.0,217 W 20th St,"New York, NY 10011","217 W 20th StNew York, NY 10011",United States,New York,New York County,New York,West 20th Street,"217 W 20th St, New York, NY 10011, USA",40.7427821,-73.9977697,,,
Brokered by Elite Realty of USA Inc,Multi-family home for sale,989000,4,4.0,2184.207862,120-10 135th St,"Jamaica, NY 11420","120-10 135th StJamaica, NY 11420",United States,New York,Queens County,Queens,135th Street,"120-10 135th St, Jamaica, NY 11420, USA",40.6751744,-73.8037556,,,
Brokered by Keystone Realty USA Corp,House for sale,799000,5,3.0,2184.207862,112-20 210th St,"Queens Village, NY 11429","112-20 210th StQueens Village, NY 11429",United States,New York,Queens County,Queens,210th Street,"112-20 210th St, Queens Village, NY 11429, USA",40.7039425,-73.7459355,,,
Brokered by Daniel Gale of Brooklyn LLC,Townhouse for sale,1348000,5,2.0,2184.207862,46-03 104 St,"Queens, NY 11368","46-03 104 StQueens, NY 11368",United States,New York,Queens County,Queens,104th Street,"46-03 104th St, Flushing, NY 11368, USA",40.7462947,-73.8595834,,,
Brokered by Keller Williams City Views,Co-op for sale,109000,1,1.0,2184.207862,335 E 209th St Apt 4,"Bronx, NY 10467","335 E 209th St Apt 4Bronx, NY 10467",New York,Bronx County,The Bronx,Norwood,335,"335 E 209th St Apt 4, Bronx, NY 10467, USA",40.8768714,-73.8742644,,,
Brokered by PULLINI REALTY CORP.,House for sale,2999000,4,2.0,1732.0,1718 63rd St,"Brooklyn, NY 11204","1718 63rd StBrooklyn, NY 11204",United States,New York,Kings County,Brooklyn,63rd Street,"1718 63rd St, Brooklyn, NY 11204, USA",40.6212043,-73.9908884,,,
"Brokered by Robert E. Hill, Inc.",Co-op for sale,249000,1,1.0,850.0,601 Kappock St Apt 3N,"Bronx, NY 10463","601 Kappock St Apt 3NBronx, NY 10463",New York,Bronx County,The Bronx,Spuyten Duyvil,601,"601 Kappock St #3n, Bronx, NY 10463, USA",40.8789773,-73.916004,,,
Brokered by RE MAX Real Estate Professionals,Multi-family home for sale,1195000,14,6.0,5100.0,320 61st St,"Brooklyn, NY 11220","320 61st StBrooklyn, NY 11220",United States,New York,Kings County,Brooklyn,61st Street,"320 61st St, Brooklyn, NY 11220, USA",40.6411025,-74.0207743,,,
Brokered by Magic Of Great Neck Realty Inc,Co-op for sale,449000,1,2.0,1130.0,26910 Grand Central Pkwy Apt 9S,"Floral Park, NY 11005","26910 Grand Central Pkwy Apt 9SFloral Park, NY 11005",New York,Queens County,Queens,Glen Oaks,269-10,"269-10 Grand Central Pkwy #9N, Queens, NY 11005, USA",40.7578216,-73.7159784,,,
Brokered by SIMPLON ENTERPRISES INC,House for sale,560000,3,2.0,2184.207862,815 Havemeyer Ave,"Bronx, NY 10473","815 Havemeyer AveBronx, NY 10473",United States,New York,Bronx County,The Bronx,Havemeyer Avenue,"815 Havemeyer Ave, Bronx, NY 10473, USA",40.824234,-73.84638,,,
Brokered by Renken Realty LLC,Multi-family home for sale,1200000,9,2.3738608579684373,2184.207862,12 Hancock St,"Bedford Stuyvesant, NY 11216","12 Hancock StBedford Stuyvesant, NY 11216",United States,New York,Kings County,Brooklyn,Hancock Street,"12 Hancock St, Brooklyn, NY 11216, USA",40.681739,-73.9553364,,,
Brokered by Trademarko Realty Inc,Multi-family home for sale,2350000,15,10.0,8460.0,60-01 Metropolitan Ave,"Ridgewood, NY 11385","60-01 Metropolitan AveRidgewood, NY 11385",United States,New York,Queens County,Queens,Metropolitan Avenue,"60-01 Metropolitan Ave, Flushing, NY 11385, USA",40.7130859,-73.905278,,,
Brokered by Homedax Real Estate Llc,Co-op for sale,449000,2,1.0,2184.207862,123 E 88th St Apt 1A,"New York, NY 10128","123 E 88th St Apt 1ANew York, NY 10128",New York,New York County,New York,Manhattan,123,"123 E 88th St #1a, New York, NY 10128, USA",40.7810674,-73.954925,,,
Brokered by Martino Realty Group,Condo for sale,349900,1,1.0,651.0,165 Cromwell Ave Apt 2B,"Staten Island, NY 10304","165 Cromwell Ave Apt 2BStaten Island, NY 10304",New York,Richmond County,Staten Island,Dongan Hills,165,"165 Cromwell Ave #2b, Staten Island, NY 10304, USA",40.5902064,-74.0958034,,,Williamsburg
Brokered by Precious Properties Corp.,Contingent,275000,2,1.0,900.0,177 3rd St Unit 1,"Staten Island, NY 10306","177 3rd St Unit 1Staten Island, NY 10306",New York,Richmond County,Staten Island,New Dorp,177,"177 3rd St #1, Staten Island, NY 10306, USA",40.5735927,-74.1200228,,,
Brokered by TREBACH REALTY INC,House for sale,3400000,6,6.0,6290.0,5000 Goodridge Ave,"Bronx, NY 10471","5000 Goodridge AveBronx, NY 10471",United States,New York,Bronx County,The Bronx,Goodridge Avenue,"5000 Goodridge Ave, Bronx, NY 10471, USA",40.8969575,-73.9032123,,,
Brokered by COMPASS,Co-op for sale,525000,1,1.0,715.0,67 Park Ave Unit 8E,"Manhattan, NY 10016","67 Park Ave Unit 8EManhattan, NY 10016",New York,New York County,New York,Manhattan,67,"67 Park Ave #8e, New York, NY 10016, USA",40.74958,-73.9790355,,,
Brokered by RE MAX Edge,Multi-family home for sale,848000,5,4.0,2080.0,544 Hinsdale St,"Brooklyn, NY 11207","544 Hinsdale StBrooklyn, NY 11207",United States,New York,Kings County,Brooklyn,Hinsdale Street,"544 Hinsdale St, Brooklyn, NY 11207, USA",40.6615475,-73.898309,,,Woodhaven
Brokered by Madison Estates Sotheby's International Realty,Co-op for sale,379000,2,2.0,1160.0,3215 Avenue H Apt 3P,"Brooklyn, NY 11210","3215 Avenue H Apt 3PBrooklyn, NY 11210",New York,Kings County,Brooklyn,Little Haiti,3215,"3215 Avenue H #3p, Brooklyn, NY 11210, USA",40.6320616,-73.9452586,,,
Brokered by Century Homes Realty Group LLC,Multi-family home for sale,1599999,8,4.0,2184.207862,64-17 35 Ave,"Woodside, NY 11377","64-17 35 AveWoodside, NY 11377",United States,New York,Queens County,Queens,35th Avenue,"64-17 35th Ave, Flushing, NY 11377, USA",40.7505901,-73.8980016,,,
Brokered by Gosen Properties Inc,Foreclosure,269000,5,2.0,2184.207862,24149 148th Dr,"Rosedale, NY 11422","24149 148th DrRosedale, NY 11422",United States,New York,Queens County,Queens,148th Drive,"241-49 148th Dr, Jamaica, NY 11422, USA",40.6534433,-73.741373,,,Windsor Terrace
Brokered by Momentum Real Estate LLC,House for sale,499000,3,2.0,1024.0,140 Kiswick St,"Staten Island, NY 10306","140 Kiswick StStaten Island, NY 10306",United States,New York,Richmond County,Staten Island,Kiswick Street,"140 Kiswick St, Staten Island, NY 10306, USA",40.5757598,-74.0943577,,,
Brokered by COMPASS,Co-op for sale,230000,1,1.0,620.0,255 W 108th St Apt 1F,"Manhattan, NY 10025","255 W 108th St Apt 1FManhattan, NY 10025",New York,New York County,New York,Manhattan,255,"255 W 108th St #1b, New York, NY 10025, USA",40.8028416,-73.9670229,,,
Brokered by Peace Of Mind Realty,House for sale,750000,3,2.0,1868.0,857 E 37th St,"East Flatbush, NY 11203","857 E 37th StEast Flatbush, NY 11203",United States,New York,Kings County,Brooklyn,East 37th Street,"857 E 37th St, Brooklyn, NY 11210, USA",40.6359284,-73.9409763,,,
Brokered by Progress Realty Inc.,Co-op for sale,189000,2,1.0,800.0,756 Brady Ave Apt 307,"Bronx, NY 10462","756 Brady Ave Apt 307Bronx, NY 10462",New York,Bronx County,The Bronx,East Bronx,756,"756 Brady Ave Apt 307, Bronx, NY 10462, USA",40.8522362,-73.8655005,,,
Brokered by All American Realty Management,Pending,184888,3,1.0,500.0,2902745 35 98th St Unit 15A,"Queens, NY 11374","2902745 35 98th St Unit 15AQueens, NY 11374",New York,Queens County,Queens,Rego Park,61-35,"61-35 98th St #15a, Rego Park, NY 11374, USA",40.7343409,-73.859014,,,
Brokered by John Savoretti Realty,Multi-family home for sale,799000,6,4.0,2200.0,62-14 Hillmeyer Rd,"Arverne, NY 11692","62-14 Hillmeyer RdArverne, NY 11692",United States,New York,Queens County,Queens,Hillmeyer Road,"6214 Hillmeyer Rd, Arverne, NY 11692, USA",40.598207,-73.7911759,,,
Brokered by Brown Harris Stevens Forest Hills LLC,Co-op for sale,289000,1,1.0,750.0,118-17 Union Turnpike Tpke Unit 2F,"Queens, NY 11375","118-17 Union Turnpike Tpke Unit 2FQueens, NY 11375",United States,New York,Queens County,Queens,Union Turnpike,"118-17 Union Tpke, Forest Hills, NY 11375, USA",40.7129779,-73.8345967,,,
Brokered by RE MAX Edge,Co-op for sale,288000,1,1.0,800.0,8853 Bay 16th St Apt 3A,"Brooklyn, NY 11214","8853 Bay 16th St Apt 3ABrooklyn, NY 11214",New York,Kings County,Brooklyn,Bath Beach,8853,"8853 Bay 16th St #3a, Brooklyn, NY 11214, USA",40.6028929,-74.0093853,,,
Brokered by RE MAX Real Estate Professionals,Multi-family home for sale,1880000,5,2.0,1850.0,6820 17th Ave,"Brooklyn, NY 11204","6820 17th AveBrooklyn, NY 11204",United States,New York,Kings County,Brooklyn,17th Avenue,"6820 17th Ave, Brooklyn, NY 11204, USA",40.6184547,-73.9949244,,,
Brokered by American Homes Group,House for sale,265000,2,1.0,660.0,19 Vera St,"Staten Island, NY 10305","19 Vera StStaten Island, NY 10305",United States,New York,Richmond County,Staten Island,Vera Street,"19 Vera St, Staten Island, NY 10305, USA",40.5849224,-74.0968781,,,
Brokered by RE MAX Edge,Pending,1149000,7,4.0,3617.0,1949 Benedict Ave,"Bronx, NY 10462","1949 Benedict AveBronx, NY 10462",United States,New York,Bronx County,The Bronx,Benedict Avenue,"1949 Benedict Ave, Bronx, NY 10462, USA",40.8343858,-73.8590313,,,
Brokered by Howard Hanna | Rand Realty,House for sale,575000,3,1.0,1390.0,920 Harding Park,"Bronx, NY 10473","920 Harding ParkBronx, NY 10473",United States,New York,Bronx County,The Bronx,Harding Park,"920 Harding Park, Bronx, NY 10473, USA",40.8069155,-73.8562067,,,
Brokered by COMPASS,Townhouse for sale,3995000,8,8.0,5046.0,322 W 104th St,"Manhattan, NY 10025","322 W 104th StManhattan, NY 10025",United States,New York,New York County,New York,West 104th Street,"322 W 104th St, New York, NY 10025, USA",40.80059,-73.97071,,,
Brokered by United Realty Associates,Multi-family home for sale,1350888,4,3.0,2184.207862,61-26 69th Ln,"Middle Village, NY 11379","61-26 69th LnMiddle Village, NY 11379",United States,New York,Queens County,Queens,69th Lane,"61-26 69th Ln, Flushing, NY 11379, USA",40.7197495,-73.888525,,,
Brokered by NEXTHOME PLATINUM PROPERTIES,Co-op for sale,330000,1,1.0,656.0,17-85 215th St Unit 6K,"Bayside, NY 11360","17-85 215th St Unit 6KBayside, NY 11360",New York,Queens County,Queens,Flushing,17-85,"17-85 215th St #6k, Flushing, NY 11360, USA",40.7843012,-73.7761962,,,
Brokered by Stuyvesant Heights Realty Corp,Multi-family home for sale,3165000,9,5.0,2184.207862,278 Decatur St,"Stuyvesant Heights, NY 11233","278 Decatur StStuyvesant Heights, NY 11233",United States,New York,Kings County,Brooklyn,Decatur Street,"278 Decatur St, Brooklyn, NY 11233, USA",40.6813796,-73.9323311,,,
"Brokered by Neuhaus Realty, Inc.",Multi-family home for sale,1299000,6,2.3738608579684373,3733.0,433 Clove Rd,"Staten Island, NY 10310","433 Clove RdStaten Island, NY 10310",United States,New York,Richmond County,Staten Island,Clove Road,"433 Clove Rd, Staten Island, NY 10310, USA",40.6298438,-74.1233871,,,
Brokered by Jason Mitchell Real Estate New York,Contingent,350000,3,2.0,1137.0,145 Lincoln Ave Apt 3J,"Staten Island, NY 10306","145 Lincoln Ave Apt 3JStaten Island, NY 10306",New York,Richmond County,Staten Island,Midland Beach,145,"145 Lincoln Ave #3j, Staten Island, NY 10306, USA",40.579062,-74.1076165,,,
Brokered by COMPASS,Townhouse for sale,1775000,4,4.0,2078.0,142 A 31st St,"Brooklyn, NY 11232","142 A 31st StBrooklyn, NY 11232",United States,New York,Kings County,Brooklyn,East 31st Street,"142 E 31st St, Brooklyn, NY 11226, USA",40.6473249,-73.9484704,,,
Brokered by COMPASS,Co-op for sale,60000000,8,8.0,2184.207862,960 5th Ave Unit 12,"Manhattan, NY 10075","960 5th Ave Unit 12Manhattan, NY 10075",New York,New York County,New York,Manhattan,960,"960 5th Ave #12, New York, NY 10075, USA",40.7756423,-73.9642465,,,
Brokered by Real Estate Property Group LLC,House for sale,350000,2,1.0,490.0,750 Patterson Ave,"Staten Island, NY 10306","750 Patterson AveStaten Island, NY 10306",United States,New York,Richmond County,Staten Island,Patterson Avenue,"750 Patterson Ave, Staten Island, NY 10306, USA",40.5731273,-74.089182,,,Shore Road
Brokered by Coldwell Banker American Homes,Co-op for sale,165000,1,1.0,2184.207862,1141 McBride St Apt 4A,"Far Rockaway, NY 11691","1141 McBride St Apt 4AFar Rockaway, NY 11691",New York,Queens County,Queens,Far Rockaway,1141,"1141 McBride St #4d, Far Rockaway, NY 11691, USA",40.6053247,-73.7581283,,,
Brokered by FOXR - Fox Residential Group,Co-op for sale,620000,3,1.0,2184.207862,80 Central Park W Apt 4G,"New York, NY 10023","80 Central Park W Apt 4GNew York, NY 10023",New York,New York County,New York,Manhattan,80,"80 Central Park W #4g, New York, NY 10023, USA",40.7740567,-73.9780672,,,
Brokered by Prime Realty,Multi-family home for sale,1199000,6,3.0,2184.207862,79-28 68th Ave,"Middle Village, NY 11379","79-28 68th AveMiddle Village, NY 11379",United States,New York,Queens County,Queens,68th Avenue,"79-28 68th Ave, Middle Village, NY 11379, USA",40.711017,-73.8723608,,,
Brokered by City Connections Realty,Co-op for sale,600000,3,1.0,2184.207862,201 W 21st St Apt 9A,"New York, NY 10011","201 W 21st St Apt 9ANew York, NY 10011",New York,New York County,New York,Manhattan,201,"201 W 21st St #9a, New York, NY 10011, USA",40.7430502,-73.9967075,,,
Brokered by Bond New York- Columbus Circle,Condo for sale,2295000,3,3.0,1615.0,166 E 63rd St Apt 10C,"New York, NY 10065","166 E 63rd St Apt 10CNew York, NY 10065",New York,New York County,New York,Manhattan,166,"166 E 63rd St #10c, New York, NY 10065, USA",40.7641145,-73.9651826,,,
Brokered by Crossings Realty,Co-op for sale,165000,3,1.0,400.0,84-25 118 St Unit 3A,"Kew Gardens, NY 11415","84-25 118 St Unit 3AKew Gardens, NY 11415",New York,Queens County,Queens,Jamaica,84-25,"84-25 118th St #3a, Jamaica, NY 11415, USA",40.7034174,-73.8331304,,,
Brokered by Corcoran East Side,Co-op for sale,1650000,1,1.0,2184.207862,170 E 78th St Apt 3C,"New York, NY 10075","170 E 78th St Apt 3CNew York, NY 10075",New York,New York County,New York,Manhattan,170,"170 E 78th St #3c, New York, NY 10075, USA",40.7737439,-73.9586221,,,
Brokered by Aschan Realty,House for sale,649999,3,2.0,2184.207862,139-32 Laurelton Pkwy,"Rosedale, NY 11422","139-32 Laurelton PkwyRosedale, NY 11422",United States,New York,Queens County,Queens,Laurelton Parkway,"139-32 Laurelton Pkwy, Jamaica, NY 11422, USA",40.6670008,-73.7409018,,,
Brokered by Coldwell Banker Advantage,House for sale,2350000,5,4.0,4270.0,144 Dunham St,"Staten Island, NY 10309","144 Dunham StStaten Island, NY 10309",United States,New York,Richmond County,Staten Island,Dunham Street,"144 Dunham St, Staten Island, NY 10309, USA",40.5251737,-74.2176044,,,
Brokered by Avenues - Headquarters,Condo for sale,555000,3,1.0,2184.207862,186 W 80th St Apt 3E,"New York, NY 10024","186 W 80th St Apt 3ENew York, NY 10024",New York,New York County,New York,Manhattan,186,"186 W 80th St #3e, New York, NY 10024, USA",40.7835114,-73.9776775,,,
Brokered by Exp Realty,Co-op for sale,189999,1,1.0,2184.207862,32-30 93rd St Unit A7,"East Elmhurst, NY 11369","32-30 93rd St Unit A7East Elmhurst, NY 11369",New York,Queens County,Queens,East Elmhurst,3230,"3230 93rd St Apt A7, East Elmhurst, NY 11369, USA",40.7586799,-73.8755,,,
Brokered by CITIZENS INTERNATIONAL REALTY,House for sale,975000,3,2.0,2184.207862,838 Lenox Rd,"Brooklyn, NY 11203","838 Lenox RdBrooklyn, NY 11203",United States,New York,Kings County,Brooklyn,Lenox Road,"838 Lenox Rd, Brooklyn, NY 11203, USA",40.6553249,-73.9284733,,,
Brokered by RE MAX Elite,House for sale,849999,2,2.0,1365.0,155 Ebbitts St,"Staten Island, NY 10306","155 Ebbitts StStaten Island, NY 10306",United States,New York,Richmond County,Staten Island,Ebbitts Street,"155 Ebbitts St, Staten Island, NY 10306, USA",40.562056,-74.1052535,,,
Brokered by COMPASS,Condo for sale,848880,1,1.0,713.0,11 E 36th St Ste 404,"Manhattan, NY 10016","11 E 36th St Ste 404Manhattan, NY 10016",New York,New York County,New York,Manhattan,11,"11 E 36th St STE 404, New York, NY 10016, USA",40.7496366,-73.9825832,,,
Brokered by Ortiz Home Selling Team Llc,Co-op for sale,279900,1,1.0,900.0,1020 Grand Concourse Apt 14D,"Bronx, NY 10451","1020 Grand Concourse Apt 14DBronx, NY 10451",New York,Bronx County,The Bronx,Concourse Village,1020,"1020 Grand Concourse #14d, Bronx, NY 10451, USA",40.8301222,-73.9202611,,,
Brokered by Great Riches Realty,Condo for sale,665000,2,1.0,1120.0,80-09 35th Ave Unit A8,"Jackson Heights, NY 11372","80-09 35th Ave Unit A8Jackson Heights, NY 11372",New York,Queens County,Queens,Flushing,8009,"8009 35th Ave APT A8, Flushing, NY 11372, USA",40.7519149,-73.8861292,,,
Brokered by Mitra Hakimi Realty Group LLC,Co-op for sale,140000,3,1.0,2184.207862,164-20 Highland Ave Unit 5S,"Jamaica, NY 11432","164-20 Highland Ave Unit 5SJamaica, NY 11432",New York,Queens County,Queens,Jamaica,164-20,"164-20 Highland Ave #5b, Jamaica, NY 11432, USA",40.7101573,-73.7988498,,,
Brokered by Liberty Chateau Realty Inc,House for sale,924900,3,2.0,1404.0,1559 W 4th St,"Brooklyn, NY 11204","1559 W 4th StBrooklyn, NY 11204",United States,New York,Kings County,Brooklyn,West 4th Street,"1559 W 4th St, Brooklyn, NY 11204, USA",40.6094348,-73.9777343,,,
Brokered by Exp Realty,Townhouse for sale,650000,3,2.0,1912.0,1077 Adee Ave,"Bronx, NY 10469","1077 Adee AveBronx, NY 10469",United States,New York,Bronx County,The Bronx,Adee Avenue,"1077 Adee Ave, Bronx, NY 10469, USA",40.8697126,-73.8565137,,,
Brokered by COMPASS,Condo for sale,749000,1,2.0,908.0,112-01 Queens Blvd Unit 8A,"Queens, NY 11375","112-01 Queens Blvd Unit 8AQueens, NY 11375",New York,Queens County,Queens,Forest Hills,112-01,"112-01 Queens Blvd #8a, Forest Hills, NY 11375, USA",40.7190009,-73.8365029,,,
Brokered by Brown Harris Stevens,Co-op for sale,399000,3,2.0,2184.207862,12 E 132nd St Apt 2A,"Manhattan, NY 10037","12 E 132nd St Apt 2AManhattan, NY 10037",New York,New York County,New York,Manhattan,12,"12 E 132nd St #2a, New York, NY 10037, USA",40.8102659,-73.9382868,,,
Brokered by KELLER WILLIAMS REALTY LANDMARK II,Co-op for sale,229000,1,1.0,2184.207862,21-16 35th St Unit 1B,"Astoria, NY 11105","21-16 35th St Unit 1BAstoria, NY 11105",New York,Queens County,Queens,Astoria,21-16,"21-16 35th St #1b, Astoria, NY 11105, USA",40.7763731,-73.9073075,,,
Brokered by Sotheby's International Realty - East Side Manhattan Brokerage,Co-op for sale,650000,1,1.0,2184.207862,411 E 57th St Apt 16B,"New York, NY 10022","411 E 57th St Apt 16BNew York, NY 10022",New York,New York County,New York,Manhattan,411,"411 E 57th St #16b, New York, NY 10022, USA",40.7582795,-73.9624506,,,
Brokered by Douglas Elliman - Franklin Square,Co-op for sale,319000,3,1.0,960.0,58-42 251st St Unit 190,"Little Neck, NY 11362","58-42 251st St Unit 190Little Neck, NY 11362",United States,New York,Queens County,Queens,251st Street,"58- 42 251st St, Queens, NY 11362, USA",40.7598591,-73.7290086,,,
Brokered by Sowae Corp,House for sale,399000,3,2.3738608579684373,1601.0,104-06 212 St,"Queens, NY 11429","104-06 212 StQueens, NY 11429",United States,New York,Queens County,Queens,212th Street,"104-06 212th St, Jamaica, NY 11417, USA",40.7115495,-73.7464296,,,
Brokered by Tscherne Realty Inc,Condo for sale,578000,2,2.0,900.0,57-15 69th Ln Unit 1,"Maspeth, NY 11378","57-15 69th Ln Unit 1Maspeth, NY 11378",New York,Queens County,Queens,Flushing,5715,"5715 69th Ln APT 1, Flushing, NY 11378, USA",40.7265287,-73.8933039,,,
Brokered by Elegran Real Estate And Development,Co-op for sale,1495000,4,4.0,2600.0,315 E 65th St Apt 11C,"New York, NY 10065","315 E 65th St Apt 11CNew York, NY 10065",New York,New York County,New York,Manhattan,315,"315 E 65th St #11c, New York, NY 10065, USA",40.764197,-73.960624,,,
Brokered by Highline Residential - Highline Residential,Condo for sale,3200000,3,3.0,1820.0,675 Sackett St Apt 105,"Brooklyn, NY 11217","675 Sackett St Apt 105Brooklyn, NY 11217",New York,Kings County,Brooklyn,Park Slope,675,"675 Sackett St APT 105, Brooklyn, NY 11217, USA",40.6779373,-73.981685,,,
Brokered by COMPASS,Condo for sale,1395000,2,2.0,1182.0,737 Bergen St Apt 1B,"Brooklyn, NY 11238","737 Bergen St Apt 1BBrooklyn, NY 11238",New York,Kings County,Brooklyn,Prospect Heights,737,"737 Bergen St #1b, Brooklyn, NY 11238, USA",40.6787789,-73.9643728,,,Westchester Square
Brokered by Brown Harris Stevens,Co-op for sale,599000,1,1.0,800.0,568 Grand St Apt J102,"Manhattan, NY 10002","568 Grand St Apt J102Manhattan, NY 10002",New York,New York County,New York,Manhattan,568,"568 Grand St j102, New York, NY 10002, USA",40.7142822,-73.9792183,,,
Brokered by COMPASS,Co-op for sale,2375000,1,2.0,2184.207862,10 Bleecker St Apt 5D,"Manhattan, NY 10012","10 Bleecker St Apt 5DManhattan, NY 10012",New York,New York County,New York,Manhattan,10,"10 Bleecker St #5b, New York, NY 10012, USA",40.7252187,-73.9929764,,,
Brokered by Corcoran Brooklyn Heights,Pending,529900,1,1.0,630.0,175 Adams St Apt 10E,"Brooklyn, NY 11201","175 Adams St Apt 10EBrooklyn, NY 11201",New York,Kings County,Brooklyn,Downtown Brooklyn,175,"175 Adams St #10e, Brooklyn, NY 11201, USA",40.6985714,-73.9881911,,,
Brokered by Corcoran East Side,Condo for sale,7600000,4,4.0,3216.0,100 Barclay St Apt 20C,"New York, NY 10007","100 Barclay St Apt 20CNew York, NY 10007",New York,New York County,New York,Manhattan,100,"100 Barclay St #20c, New York, NY 10007, USA",40.7139639,-74.0127212,,,
Brokered by Douglas Elliman - Bayside,Pending,995000,4,2.0,2184.207862,45-53 169 St,"Flushing, NY 11358","45-53 169 StFlushing, NY 11358",United States,New York,Queens County,Queens,169th Street,"45-53 169th St, Flushing, NY 11358, USA",40.7543498,-73.797977,,,
Brokered by Modern Spaces Love Your Place,Multi-family home for sale,1400000,3,3.0,2184.207862,25-01 23rd Ave,"Long Island City, NY 11105","25-01 23rd AveLong Island City, NY 11105",United States,New York,Queens County,Queens,23rd Avenue,"25-01 23rd Ave, Astoria, NY 11105, USA",40.7770879,-73.9162687,,,
Brokered by E House Realty & Mgt. Inc.,Condo for sale,713000,2,2.0,1040.0,217 Bay 49th St Unit 3A,"Brooklyn, NY 11214","217 Bay 49th St Unit 3ABrooklyn, NY 11214",United States,New York,Kings County,Brooklyn,217,"217 Bay 49th St #3a, Brooklyn, NY 11214, USA",40.5855131,-73.9883977,,,
Brokered by Landmark Realty,House for sale,725000,3,2.0,1476.0,480 Lynn St,"Staten Island, NY 10306","480 Lynn StStaten Island, NY 10306",United States,New York,Richmond County,Staten Island,Lynn Street,"480 Lynn St, Staten Island, NY 10306, USA",40.5582278,-74.1173549,,,
Brokered by Douglas Elliman  -111 Fifth Ave,Co-op for sale,3395000,4,3.0,3111.0,129 W 70th St Unit 1,"New York, NY 10023","129 W 70th St Unit 1New York, NY 10023",New York,New York County,New York,Manhattan,129,"129 W 70th St Apt 1a, New York, NY 10023, USA",40.7763812,-73.9800135,,,
Brokered by RE MAX Edge,Co-op for sale,499000,2,1.0,686.0,430 W 46th St Apt 5E,"Manhattan, NY 10036","430 W 46th St Apt 5EManhattan, NY 10036",New York,New York County,New York,Manhattan,430,"430 W 46th St #5a, New York, NY 10036, USA",40.7615546,-73.9923686,,,
Brokered by Keystone Realty USA Corp,House for sale,599000,4,2.0,2184.207862,106-09 169th St,"Jamaica, NY 11433","106-09 169th StJamaica, NY 11433",United States,New York,Queens County,Queens,169th Street,"106-09 169th St, Jamaica, NY 11433, USA",40.7003331,-73.7875164,,,
Brokered by New York Residential R E,Co-op for sale,385000,2,1.0,800.0,160-34 Cross Island Pkwy Unit 6-202,"Whitestone, NY 11357","160-34 Cross Island Pkwy Unit 6-202Whitestone, NY 11357",New York,Queens County,Queens,Whitestone,16034,"16034 Cross Island Pkwy 6 202, Whitestone, NY 11357, USA",40.7865407,-73.8018825,,,
Brokered by Julia B. Fee Sotheby's International Realty,Co-op for sale,165000,1,1.0,750.0,5615 Netherland Ave Apt 4E,"Bronx, NY 10471","5615 Netherland Ave Apt 4EBronx, NY 10471",New York,Bronx County,The Bronx,North Riverdale,5615,"5615 Netherland Ave #4e, Bronx, NY 10471, USA",40.904655,-73.9066105,,,
Brokered by COMPASS,Co-op for sale,2000000,3,2.0,1800.0,106 E 85th St Apt 5S,"Manhattan, NY 10028","106 E 85th St Apt 5SManhattan, NY 10028",New York,New York County,New York,Manhattan,106,"106 E 85th St #5c, New York, NY 10028, USA",40.779073,-73.957175,,,
Brokered by Gateway Arms Realty Corp.,Condo for sale,560000,2,2.0,1008.0,155 Bay St Apt 4F,"Staten Island, NY 10301","155 Bay St Apt 4FStaten Island, NY 10301",New York,Richmond County,Staten Island,Mid Island,155,"155 Bay St #4f, Staten Island, NY 10301, USA",40.638148,-74.0756332,,,
"Brokered by Robert DeFalco Realty, Inc.",Contingent,649999,5,3.0,2052.0,80 Brewster St,"Staten Island, NY 10304","80 Brewster StStaten Island, NY 10304",United States,New York,Richmond County,Staten Island,Brewster Street,"80 Brewster St, Staten Island, NY 10304, USA",40.6317585,-74.0785358,,,
Brokered by Coldwell Banker Reliable Real Estate,House for sale,775000,3,2.0,2184.207862,46 Aviston St,"Staten Island, NY 10306","46 Aviston StStaten Island, NY 10306",United States,New York,Richmond County,Staten Island,Aviston Street,"46 Aviston St, Staten Island, NY 10306, USA",40.5572427,-74.1202564,,,
Brokered by Brown Harris Stevens,Co-op for sale,500000,4,1.0,2184.207862,133 W 140th St Apt 21,"Manhattan, NY 10030","133 W 140th St Apt 21Manhattan, NY 10030",New York,New York County,New York,Manhattan,133,"133 W 140th St #21, New York, NY 10030, USA",40.8178093,-73.9391738,,,
Brokered by Douglas Elliman - 575 Madison Ave,Co-op for sale,425000,1,1.0,2184.207862,333 E 66th St Apt 9R,"New York, NY 10065","333 E 66th St Apt 9RNew York, NY 10065",New York,New York County,New York,Manhattan,333,"333 E 66th St #9b, New York, NY 10065, USA",40.7643711,-73.9593578,,,
"Brokered by Nest Seekers International, Midtown",Condo for sale,499000,1,1.0,845.0,2068 Ocean Ave Apt 2B,"Brooklyn, NY 11230","2068 Ocean Ave Apt 2BBrooklyn, NY 11230",New York,Kings County,Brooklyn,Midwood,2068,"2068 Ocean Ave #2b, Brooklyn, NY 11230, USA",40.611469,-73.954103,,,
Brokered by E Realty International Corp,Co-op for sale,399000,2,1.0,1090.0,88-11 Elmhurst Ave Unit A4,"Elmhurst, NY 11373","88-11 Elmhurst Ave Unit A4Elmhurst, NY 11373",New York,Queens County,Queens,Elmhurst,8811,"8811 Elmhurst Ave Apt A4, Elmhurst, NY 11373, USA",40.7455899,-73.8778899,,,
Brokered by RE MAX Elite,House for sale,585000,3,2.0,1008.0,94 Walker St,"Staten Island, NY 10302","94 Walker StStaten Island, NY 10302",United States,New York,Richmond County,Staten Island,Walker Street,"94 Walker St, Staten Island, NY 10302, USA",40.6302304,-74.142966,,,
Brokered by COMPASS,Townhouse for sale,1399000,4,2.0,1700.0,1746 Bergen St,"Brooklyn, NY 11233","1746 Bergen StBrooklyn, NY 11233",United States,New York,Kings County,Brooklyn,Bergen Street,"1746 Bergen St, Brooklyn, NY 11233, USA",40.6745279,-73.9243055,,,
"Brokered by Nest Seekers International, Midtown",Condo for sale,585000,3,2.3738608579684373,2184.207862,45-30 Pearson St,"Queens, NY 11101","45-30 Pearson StQueens, NY 11101",United States,New York,Queens County,Queens,Pearson Street,"45-30 Pearson St, Long Island City, NY 11101, USA",40.7453084,-73.9445819,,,
Brokered by Sotheby's International Realty - East Side Manhattan Brokerage,Co-op for sale,6400000,3,4.0,2184.207862,14 E 75th St # 4A,"New York, NY 10021","14 E 75th St # 4ANew York, NY 10021",New York,New York County,New York,Manhattan,14,"14 E 75th St #4a, New York, NY 10021, USA",40.7737635,-73.9644574,,,
Brokered by Exit All Seasons Realty,House for sale,611999,3,2.0,2184.207862,115-33 227th St,"Cambria Heights, NY 11411","115-33 227th StCambria Heights, NY 11411",United States,New York,Queens County,Queens,227th Street,"115-33 227th St, Cambria Heights, NY 11411, USA",40.6973209,-73.7315945,,,
Brokered by BERKSHIRE HATHAWAY,Land for sale,675000,3,2.3738608579684373,2184.207862,2932 Brighton 5th St,"Brooklyn, NY 11235","2932 Brighton 5th StBrooklyn, NY 11235",United States,New York,Kings County,Brooklyn,Brighton 5th Street,"2932 Brighton 5th St, Brooklyn, NY 11235, USA",40.580329,-73.963661,,,
"Brokered by Tom Marco Real Estate, Inc.",Foreclosure,579900,3,2.3738608579684373,2640.0,241 Westervelt Ave,"Staten Island, NY 10301","241 Westervelt AveStaten Island, NY 10301",United States,New York,Richmond County,Staten Island,Westervelt Avenue,"241 Westervelt Ave, Staten Island, NY 10301, USA",40.6422293,-74.0830445,,,
Brokered by COMPASS,Co-op for sale,375000,2,1.0,2184.207862,5900 Arlington Ave Apt 10H,"Bronx, NY 10471","5900 Arlington Ave Apt 10HBronx, NY 10471",New York,Bronx County,The Bronx,North Riverdale,5900,"5900 Arlington Ave #10h, Bronx, NY 10471, USA",40.909252,-73.905421,,,
Brokered by Mitra Hakimi Realty Group LLC,House for sale,978000,3,2.0,2184.207862,48-49 196th St,"Fresh Meadows, NY 11365","48-49 196th StFresh Meadows, NY 11365",United States,New York,Queens County,Queens,196th Street,"73-48 196th St, Flushing, NY 11366, USA",40.7337126,-73.7765367,,,
Brokered by KELLER WILLIAMS REALTY EMPIRE,Co-op for sale,545000,1,1.0,1050.0,9411 Shore Rd Apt 4K,"Brooklyn, NY 11209","9411 Shore Rd Apt 4KBrooklyn, NY 11209",New York,Kings County,Brooklyn,Fort Hamilton,9411,"9411 Shore Rd #4k, Brooklyn, NY 11209, USA",40.617623,-74.038637,,,
Brokered by Keller Williams Realty Liberty,Co-op for sale,425000,2,1.0,2184.207862,86 Beaver St Apt 2J,"Brooklyn, NY 11206","86 Beaver St Apt 2JBrooklyn, NY 11206",New York,Kings County,Brooklyn,Bushwick,86,"86 Beaver St #2j, Brooklyn, NY 11206, USA",40.699914,-73.936622,,,
Brokered by JABOUR REALTY COMPANY,Pending,1099000,3,2.0,1472.0,32 Oliver St,"Brooklyn, NY 11209","32 Oliver StBrooklyn, NY 11209",United States,New York,Kings County,Brooklyn,Oliver Street,"32 Oliver St, Brooklyn, NY 11209, USA",40.6193503,-74.0388023,,,
Brokered by Signature Premier Properties,Condo for sale,1025000,1,1.0,800.0,460 E 79th St Apt 9F,"New York, NY 10075","460 E 79th St Apt 9FNew York, NY 10075",New York,New York County,New York,Manhattan,460,"460 E 79th St #9f, New York, NY 10075, USA",40.7712538,-73.950858,,,
Brokered by COMPASS,Townhouse for sale,14000000,5,2.3738608579684373,7200.0,38 Monroe Pl,"Brooklyn, NY 11201","38 Monroe PlBrooklyn, NY 11201",United States,New York,Kings County,Brooklyn,Monroe Place,"38 Monroe Pl, Brooklyn, NY 11201, USA",40.6958593,-73.9925234,,,
NoBroker,Condo for sale,771770,2,2.0,710.0,134-16 35th Ave Unit 11D,"Flushing, NY 11354","134-16 35th Ave Unit 11DFlushing, NY 11354",New York,Queens County,Queens,Flushing,134-16,"134-16 35th Ave #11d, Flushing, NY 11354, USA",40.7639577,-73.8325965,,,
Brokered by Top Choice Realty LLC,House for sale,314000,2,1.0,847.0,18 Richmond Ct,"Staten Island, NY 10303","18 Richmond CtStaten Island, NY 10303",United States,New York,Richmond County,Staten Island,Richmond Court,"18 Richmond Ct, Staten Island, NY 10303, USA",40.6396832,-74.1652748,,,
Brokered by Homefinders of SI Inc.,Condo for sale,615000,2,4.0,1568.0,253 Windham Loop,"Staten Island, NY 10314","253 Windham LoopStaten Island, NY 10314",United States,New York,Richmond County,Staten Island,Windham Loop,"253 Windham Loop, Staten Island, NY 10314, USA",40.577069,-74.161888,,,
Brokered by Corcoran Bedford Stuyvesant,Townhouse for sale,4395000,5,4.0,2184.207862,425 Pacific St,"Brooklyn, NY 11217","425 Pacific StBrooklyn, NY 11217",United States,New York,Kings County,Brooklyn,Pacific Street,"425 Pacific St, Brooklyn, NY 11217, USA",40.6859683,-73.9839494,,,
Brokered by New York Realty Minimax,Multi-family home for sale,869888,4,3.0,2184.207862,86-27 125th St,"Richmond Hill, NY 11418","86-27 125th StRichmond Hill, NY 11418",United States,New York,Queens County,Queens,125th Street,"86-27 125th St, Richmond Hill, NY 11418, USA",40.7019014,-73.8256776,,,
Brokered by Corcoran West Side,Condo for sale,10900000,5,6.0,3633.0,39 W 23rd St # N,"New York, NY 10010","39 W 23rd St # NNew York, NY 10010",United States,New York,New York County,New York,West 23rd Street,"39 W 23rd St, New York, NY 10010, USA",40.7423282,-73.9911409,,,
"Brokered by Marlin Realty, Inc.",Multi-family home for sale,2250000,10,2.3738608579684373,5200.0,1102 Ovington Ave,"Brooklyn, NY 11219","1102 Ovington AveBrooklyn, NY 11219",United States,New York,Kings County,Brooklyn,Ovington Avenue,"1102 Ovington Ave, Brooklyn, NY 11219, USA",40.6266296,-74.0077129,,,
"Brokered by Robert Defalco Realty, Inc.",House for sale,1199999,5,3.0,1728.0,1206 Tabor Ct,"Brooklyn, NY 11219","1206 Tabor CtBrooklyn, NY 11219",United States,New York,Kings County,Brooklyn,Tabor Court,"1206 Tabor Ct, Brooklyn, NY 11219, USA",40.628704,-74.00189,,,
Brokered by Realty Executives Powerhouse,Condo for sale,485000,3,2.0,2184.207862,901 E 106th St Unit 1A,"Brooklyn, NY 11236","901 E 106th St Unit 1ABrooklyn, NY 11236",New York,Kings County,Brooklyn,Canarsie,901,"901 E 106th St #1a, Brooklyn, NY 11236, USA",40.6479766,-73.8936697,,,
Brokered by Douglas Elliman - 3544 Johnson Ave,House for sale,879000,2,1.0,1000.0,1175 York Ave Apt 7B,"New York, NY 10065","1175 York Ave Apt 7BNew York, NY 10065",New York,New York County,New York,Manhattan,1175,"1175 York Ave #7b, New York, NY 10065, USA",40.7615369,-73.9579786,,,
NoBroker,Co-op for sale,278000,1,1.0,2184.207862,125-10 Queens Blvd Unit 2302,"Kew Gardens, NY 11415","125-10 Queens Blvd Unit 2302Kew Gardens, NY 11415",New York,Queens County,The Bronx,Kew Gardens,125,"125 Queens Blvd # 10, Bronx, NY 10452, USA",40.7119297,-73.826361,,,
Brokered by Momentum Real Estate Llc,House for sale,599000,3,2.0,780.0,459 Raritan Ave,"Staten Island, NY 10305","459 Raritan AveStaten Island, NY 10305",United States,New York,Richmond County,Staten Island,Raritan Avenue,"459 Raritan Ave, Staten Island, NY 10305, USA",40.5880538,-74.0858781,,,
Brokered by The Agency,Contingent,595000,3,1.0,2184.207862,3 Sheridan Sq Apt 2K,"New York, NY 10014","3 Sheridan Sq Apt 2KNew York, NY 10014",New York,New York County,New York,Manhattan,3,"3 Sheridan Square #2k, New York, NY 10014, USA",40.7329291,-74.0027905,,,
"Brokered by Sari Kingsley, Real Estate",House for sale,899000,5,2.0,2184.0,39 Rene Dr,"Staten Island, NY 10306","39 Rene DrStaten Island, NY 10306",United States,New York,Richmond County,Staten Island,Rene Drive,"39 Rene Dr, Staten Island, NY 10306, USA",40.565557,-74.1329192,,,
Brokered by COMPASS,Co-op for sale,1300000,2,2.0,2184.207862,425 W 24th St Unit 3GF,"Manhattan, NY 10011","425 W 24th St Unit 3GFManhattan, NY 10011",New York,New York County,New York,Manhattan,425,"425 W 24th St #3f, New York, NY 10011, USA",40.747844,-74.00189,,,
Brokered by KELLER WILLIAMS REALTY LANDMARK II,Co-op for sale,297000,1,1.0,800.0,102-36 64 Ave Unit 4A,"Forest Hills, NY 11375","102-36 64 Ave Unit 4AForest Hills, NY 11375",New York,Queens County,Queens,Forest Hills,10236,"10236 64th Ave Apt 4d, Forest Hills, NY 11375, USA",40.7322799,-73.85181,,,
Brokered by Utopia Real Estate,Co-op for sale,69900,2,1.0,700.0,61 Edgewater Park Unit B,"Bronx, NY 10465","61 Edgewater Park Unit BBronx, NY 10465",United States,New York,Bronx County,The Bronx,Edgewater Park,"61 Edgewater Park, Bronx, NY 10465, USA",40.8224987,-73.8111568,,,Manhattan Beach
Brokered by Geo Real Estate Group Inc,Multi-family home for sale,799000,3,2.0,2184.207862,8324 Glenwood Rd,"Brooklyn, NY 11236","8324 Glenwood RdBrooklyn, NY 11236",United States,New York,Kings County,Brooklyn,Glenwood Road,"8324 Glenwood Rd, Brooklyn, NY 11236, USA",40.638624,-73.911936,,,
Brokered by Corcoran Brooklyn Heights,House for sale,6700000,3,2.3738608579684373,2184.207862,450 Front St,"Staten Island, NY 10304","450 Front StStaten Island, NY 10304",United States,New York,Richmond County,Staten Island,Front Street,"450 Front St, Staten Island, NY 10304, USA",40.626225,-74.0745645,,,
Brokered by Awaye Realty,Condo for sale,2550000,3,2.0,2400.0,145 Huntington St Unit 147-1,"Brooklyn, NY 11231","145 Huntington St Unit 147-1Brooklyn, NY 11231",New York,Kings County,Brooklyn,Carroll Gardens,145,"145 Huntington St 147 1, Brooklyn, NY 11231, USA",40.6763366,-74.0001966,,,
Brokered by Douglas Elliman - 575 Madison Ave,House for sale,1295000,3,4.0,2193.0,269 W 87th St Apt 7B,"New York, NY 10024","269 W 87th St Apt 7BNew York, NY 10024",New York,New York County,New York,Manhattan,269,"269 W 87th St #7b, New York, NY 10024, USA",40.7895034,-73.9769713,,,
Brokered by Mjr Real Estate Llc,Co-op for sale,245000,1,1.0,2184.207862,97-40 62 Dr Unit Lg,"Rego Park, NY 11374","97-40 62 Dr Unit LgRego Park, NY 11374",United States,New York,Queens County,Queens,62nd Drive,"97-40 62nd Dr, Rego Park, NY 11374, USA",40.7325379,-73.8601516,,,
Brokered by Myc & Associates Inc,Co-op for sale,1900000,3,2.0,2200.0,160 Chambers St Apt 4,"New York, NY 10007","160 Chambers St Apt 4New York, NY 10007",New York,New York County,New York,Manhattan,160,"160 Chambers St Apt 4, New York, NY 10007, USA",40.7159669,-74.010573,,,
Brokered by EXIT REALTY PROFESSIONALS,House for sale,729000,3,2.0,1854.0,3126 Mermaid Ave,"Brooklyn, NY 11224","3126 Mermaid AveBrooklyn, NY 11224",United States,New York,Kings County,Brooklyn,Mermaid Avenue,"3126 Mermaid Ave, Brooklyn, NY 11224, USA",40.5749619,-73.9982799,,,
Brokered by Jamie & Connie Real Estate Grp,Pending,1058000,3,2.0,2184.207862,105-26 65th Rd,"Forest Hills, NY 11375","105-26 65th RdForest Hills, NY 11375",United States,New York,Queens County,Queens,65th Road,"105-26 65th Rd, Flushing, NY 11375, USA",40.7303746,-73.8497286,,,
Brokered by Doreen Greenwood Inc.,House for sale,588000,3,1.0,1080.0,2956 Gerritsen Ave,"Brooklyn, NY 11229","2956 Gerritsen AveBrooklyn, NY 11229",United States,New York,Kings County,Brooklyn,Gerritsen Avenue,"2956 Gerritsen Ave, Brooklyn, NY 11229, USA",40.5887247,-73.9208494,,,
Brokered by Charles Rutenberg Realty Inc,Co-op for sale,569000,3,2.0,2184.207862,6011 Broadway Apt L1,"Woodside, NY 11377","6011 Broadway Apt L1Woodside, NY 11377",New York,Queens County,Queens,Woodside,6011,"6011 Broadway Apt 1d, Woodside, NY 11377, USA",40.7511899,-73.90201,,,
Brokered by Truhomes Realty Group,Land for sale,150000,3,2.3738608579684373,2184.207862,48 Cedarcliff Rd,"Staten Island, NY 10301","48 Cedarcliff RdStaten Island, NY 10301",United States,New York,Richmond County,Staten Island,Cedarcliff Road,"48 Cedarcliff Rd, Staten Island, NY 10301, USA",40.6170275,-74.0893192,,,
Brokered by JL Capital Real Estate Corp,Land for sale,1245000,3,2.3738608579684373,2184.207862,5437 Fieldston Rd,"Bronx, NY 10471","5437 Fieldston RdBronx, NY 10471",United States,New York,Bronx County,The Bronx,Fieldston Road,"5437 Fieldston Rd, Bronx, NY 10471, USA",40.902657,-73.901871,,,
Brokered by Eva Real Estate LLC,House for sale,550000,3,2.0,1410.0,690 N Railroad Ave,"Staten Island, NY 10304","690 N Railroad AveStaten Island, NY 10304",United States,New York,Richmond County,Staten Island,North Railroad Avenue,"690 N Railroad Ave, Staten Island, NY 10304, USA",40.5882303,-74.0975793,,,
Brokered by Sotheby's International Realty - East Side Manhattan Brokerage,For sale,899000,3,1.0,1100.0,529 W 42nd St Apt 2G,"New York, NY 10036","529 W 42nd St Apt 2GNew York, NY 10036",New York,New York County,New York,Manhattan,529,"529 W 42nd St #2g, New York, NY 10036, USA",40.7604194,-73.9968086,,,
Brokered by BESMATCH REAL ESTATE,Multi-family home for sale,715000,4,2.0,2052.0,3935 Monticello Ave,"Bronx, NY 10466","3935 Monticello AveBronx, NY 10466",United States,New York,Bronx County,The Bronx,Monticello Avenue,"3935 Monticello Ave, Bronx, NY 10466, USA",40.8898133,-73.8379299,,,
Brokered by COMPASS,Condo for sale,18500000,4,4.0,4856.0,73 Wooster St # A,"Manhattan, NY 10012","73 Wooster St # AManhattan, NY 10012",United States,New York,New York County,New York,Wooster Street,"73 Wooster St, New York, NY 10012, USA",40.7238868,-74.0021541,,,
Brokered by Corcoran Park Avenue South,Condo for sale,729000,1,1.0,550.0,200 E 58th St Apt 14C,"New York, NY 10022","200 E 58th St Apt 14CNew York, NY 10022",New York,New York County,New York,Manhattan,200,"200 E 58th St #14c, New York, NY 10022, USA",40.7606485,-73.9668928,,,
"Brokered by OneKey MLS LLC - Foxworth Realty, Inc.",Co-op for sale,295500,1,1.0,2184.207862,3015 Riverdale Ave Apt 2A,"New York, NY 10463","3015 Riverdale Ave Apt 2ANew York, NY 10463",New York,Bronx County,The Bronx,Spuyten Duyvil,3015,"3015 Riverdale Ave #2a, Bronx, NY 10463, USA",40.8809305,-73.9107494,,,
Brokered by BHHS New York Properties,Co-op for sale,695000,2,2.0,1800.0,303 E 57th St Apt 29E,"New York, NY 10022","303 E 57th St Apt 29ENew York, NY 10022",New York,New York County,New York,Manhattan,303,"303 E 57th St #29e, New York, NY 10022, USA",40.7595774,-73.964779,,,
"Brokered by Compass Greater New York, LLC",Co-op for sale,329000,1,1.0,750.0,302 96th St Apt 4L,"Brooklyn, NY 11209","302 96th St Apt 4LBrooklyn, NY 11209",New York,Kings County,Brooklyn,Fort Hamilton,302,"302 96th St #4l, Brooklyn, NY 11209, USA",40.61593,-74.0335829,,,
Brokered by Sold By Bart R E Partners Inc,Co-op for sale,279000,2,1.0,2184.207862,84-70 129th St Unit 1V,"Kew Gardens, NY 11415","84-70 129th St Unit 1VKew Gardens, NY 11415",New York,Queens County,Queens,Kew Gardens,8470,"8470 129th St Apt 1h, Kew Gardens, NY 11415, USA",40.7069299,-73.82404,,,
Brokered by Keller Williams NYC,Condo for sale,700000,1,2.0,900.0,138 Edgecombe Avenue Gdn Unit 1A,"New York, NY 10030","138 Edgecombe Avenue Gdn Unit 1ANew York, NY 10030",New York,New York County,New York,Manhattan,138,"138 Edgecombe Ave #1a, New York, NY 10030, USA",40.8211582,-73.9445475,,,
Brokered by Tapestry Real Estate of Queens,House for sale,1225000,4,2.0,1960.0,36-19 217 St,"Bayside, NY 11361","36-19 217 StBayside, NY 11361",United States,New York,Queens County,Queens,217th Street,"36-19 217th St, Flushing, NY 11361, USA",40.7684802,-73.7666662,,,
Brokered by Prime Properties Long Island,Co-op for sale,299000,1,1.0,2184.207862,118-18 Union Tpke Unit 17G,"Kew Gardens, NY 11415","118-18 Union Tpke Unit 17GKew Gardens, NY 11415",New York,Queens County,Queens,Kew Gardens,118-18,"118-18 Union Tpke #17g, Kew Gardens, NY 11415, USA",40.7123992,-73.8339305,,,
Brokered by Weichert Realtors Evolution Group,House for sale,995000,4,2.0,2200.0,43 Sunnyside Ter,"Staten Island, NY 10301","43 Sunnyside TerStaten Island, NY 10301",United States,New York,Richmond County,Staten Island,Sunnyside Terrace,"43 Sunnyside Terrace, Staten Island, NY 10301, USA",40.6146934,-74.0996097,,,
Brokered by COMPASS,Co-op for sale,549000,3,1.0,2184.207862,60 E 9th St Apt 214,"Manhattan, NY 10003","60 E 9th St Apt 214Manhattan, NY 10003",New York,New York County,New York,Manhattan,60,"60 E 9th St Apt 214, New York, NY 10003, USA",40.7310966,-73.9926682,,,
Brokered by RAIMONDO RONALD,House for sale,1099000,5,4.0,3500.0,310 Jefferson Blvd,"Staten Island, NY 10312","310 Jefferson BlvdStaten Island, NY 10312",United States,New York,Richmond County,Staten Island,Jefferson Boulevard,"310 Jefferson Blvd, Staten Island, NY 10312, USA",40.5457789,-74.1847061,,,
Brokered by COMPASS,Pending,749000,1,1.0,2184.207862,88 Charles St Apt 3D,"Manhattan, NY 10014","88 Charles St Apt 3DManhattan, NY 10014",New York,New York County,New York,Manhattan,88,"88 Charles St #3d, New York, NY 10014, USA",40.7345653,-74.0041732,,,
Brokered by RE MAX Edge,Co-op for sale,285000,1,1.0,900.0,2815 Ocean Pkwy Apt 3F,"Brooklyn, NY 11235","2815 Ocean Pkwy Apt 3FBrooklyn, NY 11235",New York,Kings County,Brooklyn,Brighton Beach,2815,"2815 Ocean Pkwy #3f, Brooklyn, NY 11235, USA",40.5811062,-73.966749,,,
Brokered by LJ Realty Team Inc,Multi-family home for sale,949000,6,3.0,2184.207862,117-37 141st St,"Jamaica, NY 11436","117-37 141st StJamaica, NY 11436",United States,New York,Queens County,Queens,141st Street,"11737 141st St, Jamaica, NY 11436, USA",40.677393,-73.800094,,,
Brokered by EXP Realty,Co-op for sale,365000,2,1.0,2184.207862,83-40 Austin St Unit 3E,"Kew Gardens, NY 11415","83-40 Austin St Unit 3EKew Gardens, NY 11415",New York,Queens County,Queens,Jamaica,83-40,"83-40 Austin St #3e, Jamaica, NY 11415, USA",40.7083799,-73.8290102,,,
Brokered by Charles H. Greenthal Property,Co-op for sale,449000,2,2.0,1549.0,26910 Grand Central Pkwy Apt 22L,"Floral Park, NY 11005","26910 Grand Central Pkwy Apt 22LFloral Park, NY 11005",New York,Queens County,Queens,Glen Oaks,26910,"26910 Grand Central Pkwy #22l, Queens, NY 11005, USA",40.7577991,-73.7159564,,,Brownsville
Brokered by Corcoran East Side,Co-op for sale,3370000,2,2.0,2184.207862,20 E 9th St # 14J,"New York, NY 10003","20 E 9th St # 14JNew York, NY 10003",New York,New York County,New York,Manhattan,20,"20 E 9th St #14j, New York, NY 10003, USA",40.7321377,-73.9947952,,,
Brokered by Ozana Realty Group,House for sale,632000,4,2.0,1496.0,40 Princeton Ln,"Staten Island, NY 10312","40 Princeton LnStaten Island, NY 10312",United States,New York,Richmond County,Staten Island,Princeton Lane,"40 Princeton Ln, Staten Island, NY 10312, USA",40.5533858,-74.1974018,,,
Brokered by Tiffany Moves You Inc,House for sale,879000,3,3.0,2184.207862,14-11 111th St,"College Point, NY 11356","14-11 111th StCollege Point, NY 11356",United States,New York,Queens County,Queens,111th Street,"14-11 111th St, Flushing, NY 11356, USA",40.785245,-73.8557,,,
Brokered by RE MAX Elite,Contingent,575000,2,1.0,1200.0,15 Portland Pl,"Staten Island, NY 10301","15 Portland PlStaten Island, NY 10301",United States,New York,Richmond County,Staten Island,Portland Place,"15 Portland Pl, Staten Island, NY 10301, USA",40.6337278,-74.0936101,,,
Brokered by R New York,Condo for sale,2300000,3,3.0,1700.0,330 E 38th St Apt 12N,"New York, NY 10016","330 E 38th St Apt 12NNew York, NY 10016",New York,New York County,New York,Manhattan,330,"330 E 38th St #12n, New York, NY 10016, USA",40.7462651,-73.972462,,,
Brokered by Winzone Realty Inc,Co-op for sale,460000,1,1.0,950.0,7423 Ridge Blvd Apt 1D,"Brooklyn, NY 11209","7423 Ridge Blvd Apt 1DBrooklyn, NY 11209",New York,Kings County,Brooklyn,Bay Ridge,7423,"7423 Ridge Blvd #1d, Brooklyn, NY 11209, USA",40.6323374,-74.0301041,,,
Brokered by Corcoran West Side,Co-op for sale,462900,3,1.0,2184.207862,159 Madison Ave Apt 7I,"New York, NY 10016","159 Madison Ave Apt 7INew York, NY 10016",New York,New York County,New York,Manhattan,159,"159 Madison Ave #7e, New York, NY 10016, USA",40.746567,-73.9835139,,,
"Brokered by MAXIMILLION REALTY, INC.",Multi-family home for sale,1350000,6,3.0,3000.0,2535 E 24th St,"Brooklyn, NY 11235","2535 E 24th StBrooklyn, NY 11235",United States,New York,Kings County,Brooklyn,East 24th Street,"2535 E 24th St, Brooklyn, NY 11235, USA",40.5902653,-73.9455056,,,
Brokered by SLATE REALTY LLC,Co-op for sale,399999,2,1.0,2184.207862,648 Grand St Apt 3F,"Brooklyn, NY 11211","648 Grand St Apt 3FBrooklyn, NY 11211",New York,Kings County,Brooklyn,Southside,648,"648 Grand St #3f, Brooklyn, NY 11206, USA",40.7112984,-73.9463142,,,
Brokered by EXP Realty,Co-op for sale,409000,2,1.0,2184.207862,69-60 108th St Unit 501,"Forest Hills, NY 11375","69-60 108th St Unit 501Forest Hills, NY 11375",New York,Queens County,Queens,Forest Hills,6960,"6960 108th St Apt 501, Forest Hills, NY 11375, USA",40.7236399,-73.84481,,,
Brokered by ETPG - Eastpointe Properties Group,Condo for sale,1395000,1,1.0,2184.207862,420 W 23rd St Apt 2B,"New York, NY 10011","420 W 23rd St Apt 2BNew York, NY 10011",New York,New York County,New York,Manhattan,420,"420 W 23rd St #2b, New York, NY 10011, USA",40.7467155,-74.0024044,,,
Brokered by Douglas Elliman  -111 Fifth Ave,Co-op for sale,2300000,2,2.0,1600.0,242 E 7th St Unit Ph,"New York, NY 10009","242 E 7th St Unit PhNew York, NY 10009",United States,New York,New York County,New York,East 7th Street,"242 E 7th St, New York, NY 10009, USA",40.7236159,-73.9781735,,,
Brokered by 5 Boro Realty Corp,Multi-family home for sale,1299999,8,4.0,3448.0,1210 E 72nd St,"Brooklyn, NY 11234","1210 E 72nd StBrooklyn, NY 11234",United States,New York,Kings County,Brooklyn,East 72nd Street,"1210 E 72nd St, Brooklyn, NY 11234, USA",40.6259736,-73.9141206,,,
Brokered by B Square Realty,Condo for sale,555000,1,1.0,649.0,158-15 Union Tpke Unit 411N,"Fresh Meadows, NY 11366","158-15 Union Tpke Unit 411NFresh Meadows, NY 11366",New York,Queens County,Queens,Flushing,15815,"15815 Union Tpke #411n, Flushing, NY 11366, USA",40.7206509,-73.808539,,,
Brokered by Winzone Realty Inc,Multi-family home for sale,1200000,5,2.0,2184.207862,2546 E 29th St,"Brooklyn, NY 11235","2546 E 29th StBrooklyn, NY 11235",United States,New York,Kings County,Brooklyn,East 29th Street,"2546 E 29th St, Brooklyn, NY 11235, USA",40.590395,-73.9412863,,,
Brokered by Howard Hanna | Rand Realty,Co-op for sale,149000,1,1.0,750.0,4380 Vireo Ave Apt 6R,"Bronx, NY 10470","4380 Vireo Ave Apt 6RBronx, NY 10470",New York,Bronx County,The Bronx,East Bronx,4380,"4380 Vireo Ave #6r, Bronx, NY 10470, USA",40.9010021,-73.8627053,,,
Brokered by NEUHAUS REALTY INC.,House for sale,675000,3,2.0,1222.0,7 Norwood Ct,"Staten Island, NY 10304","7 Norwood CtStaten Island, NY 10304",United States,New York,Richmond County,Staten Island,Norwood Court,"7 Norwood Ct, Staten Island, NY 10304, USA",40.6277171,-74.0860272,,,
"Brokered by Nest Seekers International, Long Island",Co-op for sale,325000,1,1.0,2184.207862,35-45 81st St Unit E1,"Queens, NY 11372","35-45 81st St Unit E1Queens, NY 11372",New York,Queens County,Queens,Jackson Heights,35-45,"35-45 81st St e1, Jackson Heights, NY 11372, USA",40.7505078,-73.8851355,,,Centre Street
Brokered by COMPASS,Co-op for sale,875000,1,1.0,2184.207862,15 W 72nd St Apt 5T,"Manhattan, NY 10023","15 W 72nd St Apt 5TManhattan, NY 10023",New York,New York County,New York,Manhattan,15,"15 W 72nd St #5b, New York, NY 10023, USA",40.7769649,-73.9769247,,,
Brokered by Sotheby's International Realty - Downtown Manhattan,Co-op for sale,4150000,5,4.0,2184.207862,170 W 76th St # 302/402,"New York, NY 10023","170 W 76th St # 302/402New York, NY 10023",United States,New York,New York County,New York,West 76th Street,"170 W 76th St, New York, NY 10023, USA",40.7807845,-73.979261,,,
Brokered by JM Properties,House for sale,449999,4,3.0,1217.0,46 Elizabeth St,"Staten Island, NY 10310","46 Elizabeth StStaten Island, NY 10310",United States,New York,Richmond County,Staten Island,Elizabeth Street,"46 Elizabeth St, Staten Island, NY 10310, USA",40.6329023,-74.120945,,,
Brokered by Douglas Elliman - 575 Madison Ave,Co-op for sale,425000,3,1.0,2184.207862,513 E 5th St Apt 2A,"New York, NY 10009","513 E 5th St Apt 2ANew York, NY 10009",New York,New York County,New York,Manhattan,513,"513 E 5th St #2a, New York, NY 10009, USA",40.7247015,-73.9835768,,,
Brokered by Brown Harris Stevens - 1926 Broadway,Townhouse for sale,10995000,7,6.0,9000.0,318 W 81st St Unit Townhouse,"Manhattan, NY 10024","318 W 81st St Unit TownhouseManhattan, NY 10024",United States,New York,New York County,New York,West 81st Street,"318 W 81st St, New York, NY 10024, USA",40.7858802,-73.9811894,,,
Brokered by Julia Shildkret Real Estate,Co-op for sale,309000,1,1.0,850.0,66-36 Yellowstone Blvd Unit 14A,"Forest Hills, NY 11375","66-36 Yellowstone Blvd Unit 14AForest Hills, NY 11375",New York,Queens County,Queens,Forest Hills,6636,"6636 Yellowstone Blvd Apt 14e, Forest Hills, NY 11375, USA",40.7291499,-73.84944,,,
"Brokered by Compass Greater Ny, Llc",Co-op for sale,549000,3,1.0,1200.0,7002 Ridge Blvd Apt D11,"Brooklyn, NY 11209","7002 Ridge Blvd Apt D11Brooklyn, NY 11209",New York,Kings County,Brooklyn,Bay Ridge,7002,"7002 Ridge Blvd Apt D11, Brooklyn, NY 11209, USA",40.6358323,-74.0291372,,,
Brokered by Remax Edge - RE/MAX EDGE,Townhouse for sale,1450000,4,3.0,2128.0,323 Bainbridge St,"Brooklyn, NY 11233","323 Bainbridge StBrooklyn, NY 11233",United States,New York,Kings County,Brooklyn,Bainbridge Street,"323 Bainbridge St., Brooklyn, NY 11233, USA",40.6820137,-73.9237828,,,
"Brokered by Homes R Us Realty of NY, Inc.",Multi-family home for sale,999998,3,2.3738608579684373,2400.0,327 Brehaut Ave,"Staten Island, NY 10307","327 Brehaut AveStaten Island, NY 10307",United States,New York,Richmond County,Staten Island,Brehaut Avenue,"327 Brehaut Ave, Staten Island, NY 10307, USA",40.5114943,-74.2382685,,,
Brokered by Excellent Realty Llc,Multi-family home for sale,1990000,6,5.0,2100.0,204-16 46 Ave,"Bayside, NY 11361","204-16 46 AveBayside, NY 11361",United States,New York,Queens County,Queens,46th Avenue,"204-16 46th Ave, Bayside, NY 11361, USA",40.7556078,-73.7775019,,,
Brokered by Douglas Elliman - Bayside,Multi-family home for sale,1499000,5,2.0,2280.0,18 Covert St,"Brooklyn, NY 11207","18 Covert StBrooklyn, NY 11207",United States,New York,Kings County,Brooklyn,Covert Street,"18 Covert St., Brooklyn, NY 11207, USA",40.6852121,-73.9131299,,,
Brokered by Jonarbri Realty,House for sale,450000,4,3.0,2184.207862,661 E 228th St,"Bronx, NY 10466","661 E 228th StBronx, NY 10466",United States,New York,Bronx County,The Bronx,East 228th Street,"661 E 228th St, Bronx, NY 10466, USA",40.8904909,-73.8606171,,,
Brokered by Corcoran East Side,Condo for sale,925000,2,1.0,2184.207862,200 Bowery Apt 2C,"New York, NY 10012","200 Bowery Apt 2CNew York, NY 10012",New York,New York County,New York,Manhattan,200,"200 Bowery #2c, New York, NY 10012, USA",40.7213854,-73.9939529,,,
Brokered by COMPASS,Co-op for sale,1495000,3,1.0,2184.207862,349 6th Ave Apt 2,"Brooklyn, NY 11215","349 6th Ave Apt 2Brooklyn, NY 11215",New York,Kings County,Brooklyn,Park Slope,349,"349 6th Ave Apartment 2, Brooklyn, NY 11215, USA",40.670754,-73.981349,,,
Brokered by MNS,Condo for sale,1695000,2,2.0,1035.0,526 Union Ave Ph 1,"Brooklyn, NY 11211","526 Union Ave Ph 1Brooklyn, NY 11211",New York,Kings County,Brooklyn,Williamsburg,526,"526 Union Ave Ph 1, Brooklyn, NY 11211, USA",40.7163702,-73.9515728,,,
Brokered by Corcoran Chelsea/Flatiron,Condo for sale,5000000,3,3.0,2162.0,71 Park Ave # 10AB,"New York, NY 10016","71 Park Ave # 10ABNew York, NY 10016",New York,New York County,New York,Manhattan,71,"71 Park Ave #10a-B, New York, NY 10016, USA",40.749728,-73.978916,,,
"Brokered by Fillmore Real Estate Fusion Team, INC.",Co-op for sale,990000,1,1.0,850.0,24 W 55th St Ph D,"New York, NY 10019","24 W 55th St Ph DNew York, NY 10019",United States,New York,New York County,New York,West 55th Street,"24 W 55th St, New York, NY 10019, USA",40.7615992,-73.9757944,,,
"Brokered by Compass Greater Ny, Llc",House for sale,1999000,5,4.0,2000.0,34-51 74th St,"Queens, NY 11372","34-51 74th StQueens, NY 11372",United States,New York,Queens County,Queens,74th Street,"34-51 74th Street, Jackson Heights, NY 11372, USA",40.7518706,-73.8922741,,,
Brokered by EXP Realty,Multi-family home for sale,1499999,8,6.0,2184.207862,191 Wyckoff Ave,"Brooklyn, NY 11237","191 Wyckoff AveBrooklyn, NY 11237",United States,New York,Kings County,Brooklyn,Wyckoff Avenue,"191 Wyckoff Ave, Brooklyn, NY 11237, USA",40.7028149,-73.9165356,,,
Brokered by East Point Realty LLC,Multi-family home for sale,940000,9,4.0,2184.207862,146-13 105th Ave,"Jamaica, NY 11435","146-13 105th AveJamaica, NY 11435",United States,New York,Queens County,Queens,105th Avenue,"146-13 105th Ave, Jamaica, NY 11435, USA",40.6946299,-73.8051802,,,
Brokered by The Turner Realty Group Inc,Multi-family home for sale,1500000,8,3.0,3135.0,1601 Nostrand Ave,"Brooklyn, NY 11226","1601 Nostrand AveBrooklyn, NY 11226",United States,New York,Kings County,Brooklyn,Nostrand Avenue,"1601 Nostrand Ave., Brooklyn, NY 11226, USA",40.6471477,-73.9489423,,,
"Brokered by John Edwards Real Estate, Inc.",Co-op for sale,315000,2,1.0,1000.0,3935 Blackstone Ave Apt 1A,"Bronx, NY 10471","3935 Blackstone Ave Apt 1ABronx, NY 10471",New York,Bronx County,The Bronx,Riverdale,3935,"3935 Blackstone Ave #1a, Bronx, NY 10471, USA",40.890384,-73.9117878,,,
Brokered by Ditommaso Real Estate,Pending,769000,3,2.0,1170.0,10 Neal Dow Ave,"Staten Island, NY 10314","10 Neal Dow AveStaten Island, NY 10314",United States,New York,Richmond County,Staten Island,Neal Dow Avenue,"10 Neal Dow Ave, Staten Island, NY 10314, USA",40.6222601,-74.1349837,,,
Brokered by Katz Realty,House for sale,1375000,5,4.0,2704.0,19 Bascom Pl,"Staten Island, NY 10314","19 Bascom PlStaten Island, NY 10314",United States,New York,Richmond County,Staten Island,Bascom Place,"19 Bascom Pl, Staten Island, NY 10314, USA",40.606711,-74.1447092,,,
Brokered by Brown Harris Stevens,Condo for sale,1250000,2,2.0,1057.0,575 4th Ave Apt 10D,"Brooklyn, NY 11215","575 4th Ave Apt 10DBrooklyn, NY 11215",United States,New York,Kings County,Brooklyn,4th Avenue,"575 4th Ave, Brooklyn, NY 11215, USA",40.6655513,-73.9922171,,,
Brokered by COMPASS,Co-op for sale,580000,1,1.0,2184.207862,305 W 55th St Apt 2A,"Manhattan, NY 10019","305 W 55th St Apt 2AManhattan, NY 10019",New York,New York County,New York,Manhattan,305,"305 W 55th St #2a, New York, NY 10019, USA",40.7657861,-73.9842196,,,
Brokered by Elite Real Estate Group 1 Llc,House for sale,749000,3,2.0,1600.0,1243 Rhinelander Ave,"Bronx, NY 10461","1243 Rhinelander AveBronx, NY 10461",United States,New York,Bronx County,The Bronx,Rhinelander Avenue,"1243 Rhinelander Ave, Bronx, NY 10461, USA",40.8544909,-73.8490394,,,
Brokered by Corcoran Chelsea/Flatiron,Co-op for sale,1995000,2,2.0,2184.207862,8 E 83rd St # 8G,"New York, NY 10028","8 E 83rd St # 8GNew York, NY 10028",New York,New York County,New York,Manhattan,8,"8 E 83rd St # 8b, New York, NY 10028, USA",40.7793278,-73.9615999,,,
Brokered by Keller Williams NYC,Townhouse for sale,2850000,4,4.0,4080.0,30-53 35th St,"Queens, NY 11103","30-53 35th StQueens, NY 11103",United States,New York,Queens County,Queens,35th Street,"30-53 35th St, Long Island City, NY 11103, USA",40.7639241,-73.9190583,,,
Brokered by Pride Estates,Co-op for sale,289000,1,1.0,520.0,7401 Shore Rd Apt 2L,"Brooklyn, NY 11209","7401 Shore Rd Apt 2LBrooklyn, NY 11209",New York,Kings County,Brooklyn,Bay Ridge,7401,"7401 Shore Rd #2l, Brooklyn, NY 11209, USA",40.6339937,-74.0363466,,,
Brokered by RE MAX Real Estate Professionals,Multi-family home for sale,1499000,6,2.0,3144.0,338 77th St,"Brooklyn, NY 11209","338 77th StBrooklyn, NY 11209",United States,New York,Kings County,Brooklyn,77th Street,"338 77th St, Brooklyn, NY 11209, USA",40.629498,-74.02725,,,
Brokered by COMPASS,Co-op for sale,900000,2,2.0,2184.207862,2166 Broadway Apt 11F,"Manhattan, NY 10024","2166 Broadway Apt 11FManhattan, NY 10024",New York,New York County,New York,Manhattan,2166,"2166 Broadway Apt 11b, New York, NY 10024, USA",40.7819299,-73.9807097,,,
Brokered by 5 Boro Realty Corp,Multi-family home for sale,1399000,8,6.0,3448.0,1238 E 72nd St,"Brooklyn, NY 11234","1238 E 72nd StBrooklyn, NY 11234",United States,New York,Kings County,Brooklyn,East 72nd Street,"1238 E 72nd St, Brooklyn, NY 11234, USA",40.6255774,-73.913355,,,
Brokered by KELLER WILLIAMS REALTY LANDMARK II,Condo for sale,359999,3,2.0,2184.207862,753B Saint Anns Ave Unit 52B,"Bronx, NY 10456","753B Saint Anns Ave Unit 52BBronx, NY 10456",New York,Bronx County,The Bronx,Woodstock,753B,"753B St Ann's Ave #52B, Bronx, NY 10456, USA",40.8203804,-73.9109368,,,
Brokered by THE BOX ADVISORY LLC,Condo for sale,625000,4,2.0,1268.0,762 Empire Blvd Apt 4D,"Brooklyn, NY 11213","762 Empire Blvd Apt 4DBrooklyn, NY 11213",New York,Kings County,Brooklyn,Little Caribbean,762,"762 Empire Blvd #4d, Brooklyn, NY 11213, USA",40.6634769,-73.936924,,,
Brokered by Corcoran SoHo,Co-op for sale,3345000,4,4.0,3000.0,151 W 86th St Apt 3D,"New York, NY 10024","151 W 86th St Apt 3DNew York, NY 10024",New York,New York County,New York,Manhattan,151,"151 W 86th St #3d, New York, NY 10024, USA",40.7875112,-73.9739349,,,
Brokered by Brown Harris Stevens - 100 Seventh Avenue,Townhouse for sale,3500000,7,4.0,2184.207862,2115 Fifth Ave Unit Townhouse,"Manhattan, NY 10035","2115 Fifth Ave Unit TownhouseManhattan, NY 10035",United States,New York,New York County,New York,5th Avenue,"2115 5th Ave, New York, NY 10035, USA",40.8092578,-73.9398282,,,
Brokered by Brown Harris Stevens,Co-op for sale,280000,1,1.0,1000.0,8015 6th Ave Apt A1,"Brooklyn, NY 11209","8015 6th Ave Apt A1Brooklyn, NY 11209",New York,Kings County,Brooklyn,Bay Ridge,8015,"8015 6th Ave Apt A1, Brooklyn, NY 11209, USA",40.6241766,-74.0216837,,,Coney Island
Brokered by Charles H. Greenthal Property,Co-op for sale,489000,2,2.0,1549.0,26910 Grand Central Pkwy Apt 27G,"Floral Park, NY 11005","26910 Grand Central Pkwy Apt 27GFloral Park, NY 11005",New York,Queens County,Queens,Glen Oaks,26910,"26910 Grand Central Pkwy #27g, Queens, NY 11005, USA",40.7577991,-73.7159564,,,
Brokered by Eden7 Realty Inc,Co-op for sale,699999,3,2.0,2184.207862,1040 Carroll St Unit 6B,"Crown Heights, NY 11213","1040 Carroll St Unit 6BCrown Heights, NY 11213",New York,Kings County,Brooklyn,Crown Heights,1040,"1040 Carroll St Apartment 6e, Brooklyn, NY 11225, USA",40.6672186,-73.9566539,,,
Brokered by Sotheby's International Realty - East Side Manhattan Brokerage,Townhouse for sale,65000000,3,2.3738608579684373,15200.0,4 E 79th St,"New York, NY 10075","4 E 79th StNew York, NY 10075",United States,New York,New York County,New York,East 79th Street,"4 E 79th St, New York, NY 10075, USA",40.7765613,-73.9633167,,,Gerritsen Beach
Brokered by True Homes Inc,Multi-family home for sale,1300000,6,3.0,2184.207862,1309 E 56th St,"Brooklyn, NY 11234","1309 E 56th StBrooklyn, NY 11234",United States,New York,Kings County,Brooklyn,East 56th Street,"1309 E 56th St, Brooklyn, NY 11234, USA",40.6236835,-73.9213087,,,
Brokered by Exp Realty,Multi-family home for sale,999000,9,3.0,3168.0,1670 Nelson Ave,"Bronx, NY 10453","1670 Nelson AveBronx, NY 10453",United States,New York,Bronx County,The Bronx,Nelson Avenue,"1670 Nelson Ave, Bronx, NY 10453, USA",40.8474641,-73.9177608,,,
Brokered by Winzone Realty Inc,Co-op for sale,219000,1,1.0,2184.207862,68-05 138 St Unit 3B,"Kew Gardens Hills, NY 11367","68-05 138 St Unit 3BKew Gardens Hills, NY 11367",New York,Queens County,Queens,Flushing,68-5,"68-5 138th St #3b, Flushing, NY 11367, USA",40.7315119,-73.8286528,,,
